{"search":"","showTags":false,"showAttachments":false,"hideUnresolved":true,"showOrphans":false,"showArrow":false,"textFadeMultiplier":3,"nodeSizeMultiplier":2.43692307692308,"lineSizeMultiplier":2.87247863247863,"centerStrength":0.305982905982906,"repelStrength":9.4017094017094,"linkStrength":0.723076923076923,"linkDistance":250,"scale":0.18462326225858172}